{"data":[{"ObjectIdentifier": "4B5720A2-C270-4100-A5E8-E9B766F78780", "Properties": {"domain": "SPOOKYSEC.LOCAL", "name": "ADMINISTRATOR@SPOOKYSEC.LOCAL", "distinguishedname": "OU=ADMINISTRATOR,DC=SPOOKYSEC,DC=LOCAL", "domainsid": "S-1-5-21-3591857110-2884097990-301047963", "highvalue": false, "blocksinheritance": false, "description": null, "whencreated": 1586025821}, "IsDeleted": false, "IsACLProtected": false, "Aces": [{"RightName": "Owns", "IsInherited": false, "PrincipalSID": "S-1-5-21-3591857110-2884097990-301047963-512", "PrincipalType": "Group"}, {"RightName": "GenericAll", "IsInherited": false, "PrincipalSID": "S-1-5-21-3591857110-2884097990-301047963-512", "PrincipalType": "Group"}, {"RightName": "GenericAll", "IsInherited": true, "PrincipalSID": "S-1-5-21-3591857110-2884097990-301047963-1118", "PrincipalType": "User"}, {"RightName": "GenericAll", "IsInherited": true, "PrincipalSID": "S-1-5-21-3591857110-2884097990-301047963-519", "PrincipalType": "Group"}, {"RightName": "WriteOwner", "IsInherited": true, "PrincipalSID": "SPOOKYSEC.LOCAL-S-1-5-32-544", "PrincipalType": "Group"}, {"RightName": "WriteDacl", "IsInherited": true, "PrincipalSID": "SPOOKYSEC.LOCAL-S-1-5-32-544", "PrincipalType": "Group"}], "Links": [], "ChildObjects": [{"ObjectIdentifier": "S-1-5-21-3591857110-2884097990-301047963-1118", "ObjectType": "User"}, {"ObjectIdentifier": "S-1-5-21-3591857110-2884097990-301047963-1601", "ObjectType": "User"}], "GPOChanges": {"AffectedComputers": [], "DcomUsers": [], "LocalAdmins": [], "PSRemoteUsers": [], "RemoteDesktopUsers": []}},{"ObjectIdentifier": "AC70CD9D-938C-4843-B0EE-A9412DD06330", "Properties": {"domain": "SPOOKYSEC.LOCAL", "name": "STAFF@SPOOKYSEC.LOCAL", "distinguishedname": "OU=STAFF,DC=SPOOKYSEC,DC=LOCAL", "domainsid": "S-1-5-21-3591857110-2884097990-301047963", "highvalue": false, "blocksinheritance": false, "description": null, "whencreated": 1586025808}, "IsDeleted": false, "IsACLProtected": false, "Aces": [{"RightName": "Owns", "IsInherited": false, "PrincipalSID": "S-1-5-21-3591857110-2884097990-301047963-512", "PrincipalType": "Group"}, {"RightName": "GenericAll", "IsInherited": false, "PrincipalSID": "S-1-5-21-3591857110-2884097990-301047963-512", "PrincipalType": "Group"}, {"RightName": "GenericAll", "IsInherited": true, "PrincipalSID": "S-1-5-21-3591857110-2884097990-301047963-1118", "PrincipalType": "User"}, {"RightName": "GenericAll", "IsInherited": true, "PrincipalSID": "S-1-5-21-3591857110-2884097990-301047963-519", "PrincipalType": "Group"}, {"RightName": "WriteOwner", "IsInherited": true, "PrincipalSID": "SPOOKYSEC.LOCAL-S-1-5-32-544", "PrincipalType": "Group"}, {"RightName": "WriteDacl", "IsInherited": true, "PrincipalSID": "SPOOKYSEC.LOCAL-S-1-5-32-544", "PrincipalType": "Group"}], "Links": [], "ChildObjects": [{"ObjectIdentifier": "S-1-5-21-3591857110-2884097990-301047963-1114", "ObjectType": "User"}, {"ObjectIdentifier": "S-1-5-21-3591857110-2884097990-301047963-1106", "ObjectType": "User"}, {"ObjectIdentifier": "S-1-5-21-3591857110-2884097990-301047963-1110", "ObjectType": "User"}, {"ObjectIdentifier": "S-1-5-21-3591857110-2884097990-301047963-1111", "ObjectType": "User"}, {"ObjectIdentifier": "S-1-5-21-3591857110-2884097990-301047963-1109", "ObjectType": "User"}, {"ObjectIdentifier": "S-1-5-21-3591857110-2884097990-301047963-1112", "ObjectType": "User"}, {"ObjectIdentifier": "S-1-5-21-3591857110-2884097990-301047963-1108", "ObjectType": "User"}, {"ObjectIdentifier": "S-1-5-21-3591857110-2884097990-301047963-1105", "ObjectType": "User"}, {"ObjectIdentifier": "S-1-5-21-3591857110-2884097990-301047963-1113", "ObjectType": "User"}, {"ObjectIdentifier": "S-1-5-21-3591857110-2884097990-301047963-1107", "ObjectType": "User"}, {"ObjectIdentifier": "S-1-5-21-3591857110-2884097990-301047963-1103", "ObjectType": "User"}, {"ObjectIdentifier": "S-1-5-21-3591857110-2884097990-301047963-1104", "ObjectType": "User"}], "GPOChanges": {"AffectedComputers": [], "DcomUsers": [], "LocalAdmins": [], "PSRemoteUsers": [], "RemoteDesktopUsers": []}},{"ObjectIdentifier": "0FA08E71-A4C1-4D7C-8844-FB92BD776DAE", "Properties": {"domain": "SPOOKYSEC.LOCAL", "name": "DOMAIN CONTROLLERS@SPOOKYSEC.LOCAL", "distinguishedname": "OU=DOMAIN CONTROLLERS,DC=SPOOKYSEC,DC=LOCAL", "domainsid": "S-1-5-21-3591857110-2884097990-301047963", "highvalue": false, "blocksinheritance": false, "description": "Default container for domain controllers", "whencreated": 1586025570}, "IsDeleted": false, "IsACLProtected": false, "Aces": [{"RightName": "Owns", "IsInherited": false, "PrincipalSID": "S-1-5-21-3591857110-2884097990-301047963-512", "PrincipalType": "Group"}, {"RightName": "WriteOwner", "IsInherited": false, "PrincipalSID": "S-1-5-21-3591857110-2884097990-301047963-512", "PrincipalType": "Group"}, {"RightName": "WriteDacl", "IsInherited": false, "PrincipalSID": "S-1-5-21-3591857110-2884097990-301047963-512", "PrincipalType": "Group"}, {"RightName": "GenericAll", "IsInherited": true, "PrincipalSID": "S-1-5-21-3591857110-2884097990-301047963-1118", "PrincipalType": "User"}, {"RightName": "GenericAll", "IsInherited": true, "PrincipalSID": "S-1-5-21-3591857110-2884097990-301047963-519", "PrincipalType": "Group"}, {"RightName": "WriteOwner", "IsInherited": true, "PrincipalSID": "SPOOKYSEC.LOCAL-S-1-5-32-544", "PrincipalType": "Group"}, {"RightName": "WriteDacl", "IsInherited": true, "PrincipalSID": "SPOOKYSEC.LOCAL-S-1-5-32-544", "PrincipalType": "Group"}], "Links": [{"IsEnforced": false, "GUID": "ABB1757E-8427-43B1-94A2-2A4CCEAB4CBB"}], "ChildObjects": [{"ObjectIdentifier": "S-1-5-21-3591857110-2884097990-301047963-1000", "ObjectType": "Computer"}], "GPOChanges": {"AffectedComputers": [], "DcomUsers": [], "LocalAdmins": [], "PSRemoteUsers": [], "RemoteDesktopUsers": []}}],"meta":{"methods":0,"type":"ous","count":3, "version":5}}