{"data":[{"ObjectIdentifier": "ABB1757E-8427-43B1-94A2-2A4CCEAB4CBB", "Properties": {"domain": "SPOOKYSEC.LOCAL", "name": "DEFAULT DOMAIN CONTROLLERS POLICY@SPOOKYSEC.LOCAL", "distinguishedname": "CN={6AC1786C-016F-11D2-945F-00C04FB984F9},CN=POLICIES,CN=SYSTEM,DC=SPOOKYSEC,DC=LOCAL", "domainsid": "S-1-5-21-3591857110-2884097990-301047963", "highvalue": false, "gpcpath": "\\\\SPOOKYSEC.LOCAL\\SYSVOL\\SPOOKYSEC.LOCAL\\POLICIES\\{6AC1786C-016F-11D2-945F-00C04FB984F9}", "description": null, "whencreated": 1586025570}, "IsDeleted": false, "IsACLProtected": true, "Aces": [{"RightName": "Owns", "IsInherited": false, "PrincipalSID": "S-1-5-21-3591857110-2884097990-301047963-512", "PrincipalType": "Group"}, {"RightName": "GenericWrite", "IsInherited": false, "PrincipalSID": "S-1-5-21-3591857110-2884097990-301047963-512", "PrincipalType": "Group"}, {"RightName": "WriteOwner", "IsInherited": false, "PrincipalSID": "S-1-5-21-3591857110-2884097990-301047963-512", "PrincipalType": "Group"}, {"RightName": "WriteDacl", "IsInherited": false, "PrincipalSID": "S-1-5-21-3591857110-2884097990-301047963-512", "PrincipalType": "Group"}, {"RightName": "GenericWrite", "IsInherited": false, "PrincipalSID": "S-1-5-21-3591857110-2884097990-301047963-519", "PrincipalType": "Group"}, {"RightName": "WriteOwner", "IsInherited": false, "PrincipalSID": "S-1-5-21-3591857110-2884097990-301047963-519", "PrincipalType": "Group"}, {"RightName": "WriteDacl", "IsInherited": false, "PrincipalSID": "S-1-5-21-3591857110-2884097990-301047963-519", "PrincipalType": "Group"}, {"RightName": "GenericWrite", "IsInherited": false, "PrincipalSID": "S-1-5-21-3591857110-2884097990-301047963-512", "PrincipalType": "Group"}, {"RightName": "WriteOwner", "IsInherited": false, "PrincipalSID": "S-1-5-21-3591857110-2884097990-301047963-512", "PrincipalType": "Group"}, {"RightName": "WriteDacl", "IsInherited": false, "PrincipalSID": "S-1-5-21-3591857110-2884097990-301047963-512", "PrincipalType": "Group"}]},{"ObjectIdentifier": "93EDD552-7E8D-4AF2-82FE-708096D498BF", "Properties": {"domain": "SPOOKYSEC.LOCAL", "name": "DEFAULT DOMAIN POLICY@SPOOKYSEC.LOCAL", "distinguishedname": "CN={31B2F340-016D-11D2-945F-00C04FB984F9},CN=POLICIES,CN=SYSTEM,DC=SPOOKYSEC,DC=LOCAL", "domainsid": "S-1-5-21-3591857110-2884097990-301047963", "highvalue": false, "gpcpath": "\\\\SPOOKYSEC.LOCAL\\SYSVOL\\SPOOKYSEC.LOCAL\\POLICIES\\{31B2F340-016D-11D2-945F-00C04FB984F9}", "description": null, "whencreated": 1586025570}, "IsDeleted": false, "IsACLProtected": true, "Aces": [{"RightName": "Owns", "IsInherited": false, "PrincipalSID": "S-1-5-21-3591857110-2884097990-301047963-512", "PrincipalType": "Group"}, {"RightName": "GenericWrite", "IsInherited": false, "PrincipalSID": "S-1-5-21-3591857110-2884097990-301047963-512", "PrincipalType": "Group"}, {"RightName": "WriteOwner", "IsInherited": false, "PrincipalSID": "S-1-5-21-3591857110-2884097990-301047963-512", "PrincipalType": "Group"}, {"RightName": "WriteDacl", "IsInherited": false, "PrincipalSID": "S-1-5-21-3591857110-2884097990-301047963-512", "PrincipalType": "Group"}, {"RightName": "GenericWrite", "IsInherited": false, "PrincipalSID": "S-1-5-21-3591857110-2884097990-301047963-519", "PrincipalType": "Group"}, {"RightName": "WriteOwner", "IsInherited": false, "PrincipalSID": "S-1-5-21-3591857110-2884097990-301047963-519", "PrincipalType": "Group"}, {"RightName": "WriteDacl", "IsInherited": false, "PrincipalSID": "S-1-5-21-3591857110-2884097990-301047963-519", "PrincipalType": "Group"}, {"RightName": "GenericWrite", "IsInherited": false, "PrincipalSID": "S-1-5-21-3591857110-2884097990-301047963-512", "PrincipalType": "Group"}, {"RightName": "WriteOwner", "IsInherited": false, "PrincipalSID": "S-1-5-21-3591857110-2884097990-301047963-512", "PrincipalType": "Group"}, {"RightName": "WriteDacl", "IsInherited": false, "PrincipalSID": "S-1-5-21-3591857110-2884097990-301047963-512", "PrincipalType": "Group"}]}],"meta":{"methods":0,"type":"gpos","count":2, "version":5}}