{"data":[{"ObjectIdentifier": "S-1-5-21-3591857110-2884097990-301047963-1000", "AllowedToAct": [], "PrimaryGroupSID": "S-1-5-21-3591857110-2884097990-301047963-516", "LocalAdmins": {"Collected": false, "FailureReason": null, "Results": []}, "PSRemoteUsers": {"Collected": false, "FailureReason": null, "Results": []}, "Properties": {"name": "ATTACKTIVEDIRECTORY.SPOOKYSEC.LOCAL", "domainsid": "S-1-5-21-3591857110-2884097990-301047963", "domain": "SPOOKYSEC.LOCAL", "distinguishedname": "CN=ATTACKTIVEDIREC,OU=DOMAIN CONTROLLERS,DC=SPOOKYSEC,DC=LOCAL", "unconstraineddelegation": true, "enabled": true, "trustedtoauth": false, "samaccountname": "ATTACKTIVEDIREC$", "haslaps": false, "lastlogon": 1695891940, "lastlogontimestamp": 1695891815, "pwdlastset": 1695891793, "whencreated": 1586025608, "serviceprincipalnames": ["Dfsr-12F9A27C-BF97-4787-9364-D31B6C55EB04/AttacktiveDirectory.spookysec.local", "ldap/AttacktiveDirectory.spookysec.local/ForestDnsZones.spookysec.local", "ldap/AttacktiveDirectory.spookysec.local/DomainDnsZones.spookysec.local", "TERMSRV/ATTACKTIVEDIREC", "TERMSRV/AttacktiveDirectory.spookysec.local", "DNS/AttacktiveDirectory.spookysec.local", "GC/AttacktiveDirectory.spookysec.local/spookysec.local", "RestrictedKrbHost/AttacktiveDirectory.spookysec.local", "RestrictedKrbHost/ATTACKTIVEDIREC", "RPC/22efa0ac-0a79-44f5-a04f-4caf1260c1ad._msdcs.spookysec.local", "HOST/ATTACKTIVEDIREC/THM-AD", "HOST/AttacktiveDirectory.spookysec.local/THM-AD", "HOST/ATTACKTIVEDIREC", "HOST/AttacktiveDirectory.spookysec.local", "HOST/AttacktiveDirectory.spookysec.local/spookysec.local", "E3514235-4B06-11D1-AB04-00C04FC2DCD2/22efa0ac-0a79-44f5-a04f-4caf1260c1ad/spookysec.local", "ldap/ATTACKTIVEDIREC/THM-AD", "ldap/22efa0ac-0a79-44f5-a04f-4caf1260c1ad._msdcs.spookysec.local", "ldap/AttacktiveDirectory.spookysec.local/THM-AD", "ldap/ATTACKTIVEDIREC", "ldap/AttacktiveDirectory.spookysec.local", "ldap/AttacktiveDirectory.spookysec.local/spookysec.local"], "description": null, "operatingsystem": "Windows Server 2019 Standard", "sidhistory": []}, "RemoteDesktopUsers": {"Collected": false, "FailureReason": null, "Results": []}, "DcomUsers": {"Collected": false, "FailureReason": null, "Results": []}, "AllowedToDelegate": [], "Sessions": {"Collected": false, "FailureReason": null, "Results": []}, "PrivilegedSessions": {"Collected": false, "FailureReason": null, "Results": []}, "RegistrySessions": {"Collected": false, "FailureReason": null, "Results": []}, "Aces": [{"RightName": "Owns", "IsInherited": false, "PrincipalSID": "S-1-5-21-3591857110-2884097990-301047963-512", "PrincipalType": "Group"}, {"RightName": "GenericAll", "IsInherited": false, "PrincipalSID": "S-1-5-21-3591857110-2884097990-301047963-512", "PrincipalType": "Group"}, {"RightName": "AddKeyCredentialLink", "IsInherited": true, "PrincipalSID": "S-1-5-21-3591857110-2884097990-301047963-526", "PrincipalType": "Group"}, {"RightName": "AddKeyCredentialLink", "IsInherited": true, "PrincipalSID": "S-1-5-21-3591857110-2884097990-301047963-527", "PrincipalType": "Group"}, {"RightName": "GenericAll", "IsInherited": true, "PrincipalSID": "S-1-5-21-3591857110-2884097990-301047963-1118", "PrincipalType": "User"}, {"RightName": "GenericAll", "IsInherited": true, "PrincipalSID": "S-1-5-21-3591857110-2884097990-301047963-519", "PrincipalType": "Group"}, {"RightName": "GenericWrite", "IsInherited": true, "PrincipalSID": "SPOOKYSEC.LOCAL-S-1-5-32-544", "PrincipalType": "Group"}, {"RightName": "WriteOwner", "IsInherited": true, "PrincipalSID": "SPOOKYSEC.LOCAL-S-1-5-32-544", "PrincipalType": "Group"}, {"RightName": "WriteDacl", "IsInherited": true, "PrincipalSID": "SPOOKYSEC.LOCAL-S-1-5-32-544", "PrincipalType": "Group"}], "HasSIDHistory": [], "IsDeleted": false, "Status": null, "IsACLProtected": false}],"meta":{"methods":0,"type":"computers","count":1, "version":5}}