{"data":[{"ObjectIdentifier": "BF8E4BB9-1ECB-4031-9426-2A7130FA368B", "Properties": {"domain": "SPOOKYSEC.LOCAL", "name": "MICROSOFTDNS@SPOOKYSEC.LOCAL", "distinguishedname": "CN=MICROSOFTDNS,CN=SYSTEM,DC=SPOOKYSEC,DC=LOCAL", "domainsid": "S-1-5-21-3591857110-2884097990-301047963", "highvalue": false, "description": "", "whencreated": 1586025648}, "IsDeleted": false, "IsACLProtected": false, "Aces": [{"RightName": "GenericAll", "IsInherited": false, "PrincipalSID": "S-1-5-21-3591857110-2884097990-301047963-512", "PrincipalType": "Group"}, {"RightName": "WriteOwner", "IsInherited": false, "PrincipalSID": "S-1-5-21-3591857110-2884097990-301047963-1101", "PrincipalType": "Group"}, {"RightName": "WriteDacl", "IsInherited": false, "PrincipalSID": "S-1-5-21-3591857110-2884097990-301047963-1101", "PrincipalType": "Group"}, {"RightName": "WriteOwner", "IsInherited": false, "PrincipalSID": "SPOOKYSEC.LOCAL-S-1-5-9", "PrincipalType": "Group"}, {"RightName": "WriteDacl", "IsInherited": false, "PrincipalSID": "SPOOKYSEC.LOCAL-S-1-5-9", "PrincipalType": "Group"}, {"RightName": "GenericAll", "IsInherited": true, "PrincipalSID": "S-1-5-21-3591857110-2884097990-301047963-1118", "PrincipalType": "User"}, {"RightName": "GenericAll", "IsInherited": true, "PrincipalSID": "S-1-5-21-3591857110-2884097990-301047963-519", "PrincipalType": "Group"}, {"RightName": "WriteOwner", "IsInherited": true, "PrincipalSID": "SPOOKYSEC.LOCAL-S-1-5-32-544", "PrincipalType": "Group"}, {"RightName": "WriteDacl", "IsInherited": true, "PrincipalSID": "SPOOKYSEC.LOCAL-S-1-5-32-544", "PrincipalType": "Group"}], "ChildObjects": []},{"ObjectIdentifier": "76C561C9-DC70-497F-A56D-8A933E5E6993", "Properties": {"domain": "SPOOKYSEC.LOCAL", "name": "WMIGPO@SPOOKYSEC.LOCAL", "distinguishedname": "CN=WMIGPO,CN=WMIPOLICY,CN=SYSTEM,DC=SPOOKYSEC,DC=LOCAL", "domainsid": "S-1-5-21-3591857110-2884097990-301047963", "highvalue": false, "description": "", "whencreated": 1586025570}, "IsDeleted": false, "IsACLProtected": false, "Aces": [{"RightName": "Owns", "IsInherited": false, "PrincipalSID": "S-1-5-21-3591857110-2884097990-301047963-512", "PrincipalType": "Group"}, {"RightName": "WriteOwner", "IsInherited": false, "PrincipalSID": "S-1-5-21-3591857110-2884097990-301047963-512", "PrincipalType": "Group"}, {"RightName": "WriteDacl", "IsInherited": false, "PrincipalSID": "S-1-5-21-3591857110-2884097990-301047963-512", "PrincipalType": "Group"}, {"RightName": "GenericAll", "IsInherited": true, "PrincipalSID": "S-1-5-21-3591857110-2884097990-301047963-519", "PrincipalType": "Group"}, {"RightName": "GenericAll", "IsInherited": true, "PrincipalSID": "S-1-5-21-3591857110-2884097990-301047963-512", "PrincipalType": "Group"}], "ChildObjects": []},{"ObjectIdentifier": "76DAAA54-8ECF-4CDC-B7CF-F71554654D6E", "Properties": {"domain": "SPOOKYSEC.LOCAL", "name": "POLICYTYPE@SPOOKYSEC.LOCAL", "distinguishedname": "CN=POLICYTYPE,CN=WMIPOLICY,CN=SYSTEM,DC=SPOOKYSEC,DC=LOCAL", "domainsid": "S-1-5-21-3591857110-2884097990-301047963", "highvalue": false, "description": "", "whencreated": 1586025570}, "IsDeleted": false, "IsACLProtected": false, "Aces": [{"RightName": "Owns", "IsInherited": false, "PrincipalSID": "S-1-5-21-3591857110-2884097990-301047963-512", "PrincipalType": "Group"}, {"RightName": "WriteOwner", "IsInherited": false, "PrincipalSID": "S-1-5-21-3591857110-2884097990-301047963-512", "PrincipalType": "Group"}, {"RightName": "WriteDacl", "IsInherited": false, "PrincipalSID": "S-1-5-21-3591857110-2884097990-301047963-512", "PrincipalType": "Group"}, {"RightName": "GenericAll", "IsInherited": true, "PrincipalSID": "S-1-5-21-3591857110-2884097990-301047963-519", "PrincipalType": "Group"}, {"RightName": "GenericAll", "IsInherited": true, "PrincipalSID": "S-1-5-21-3591857110-2884097990-301047963-512", "PrincipalType": "Group"}], "ChildObjects": []},{"ObjectIdentifier": "FD460507-05BC-4DBF-BB1A-CBCB99FC6ADC", "Properties": {"domain": "SPOOKYSEC.LOCAL", "name": "SOM@SPOOKYSEC.LOCAL", "distinguishedname": "CN=SOM,CN=WMIPOLICY,CN=SYSTEM,DC=SPOOKYSEC,DC=LOCAL", "domainsid": "S-1-5-21-3591857110-2884097990-301047963", "highvalue": false, "description": "", "whencreated": 1586025570}, "IsDeleted": false, "IsACLProtected": true, "Aces": [{"RightName": "Owns", "IsInherited": false, "PrincipalSID": "S-1-5-21-3591857110-2884097990-301047963-512", "PrincipalType": "Group"}, {"RightName": "GenericAll", "IsInherited": false, "PrincipalSID": "S-1-5-21-3591857110-2884097990-301047963-512", "PrincipalType": "Group"}, {"RightName": "GenericAll", "IsInherited": false, "PrincipalSID": "S-1-5-21-3591857110-2884097990-301047963-519", "PrincipalType": "Group"}], "ChildObjects": []},{"ObjectIdentifier": "6E7DCA95-5299-4C13-B5B4-D357D6AE9147", "Properties": {"domain": "SPOOKYSEC.LOCAL", "name": "POLICYTEMPLATE@SPOOKYSEC.LOCAL", "distinguishedname": "CN=POLICYTEMPLATE,CN=WMIPOLICY,CN=SYSTEM,DC=SPOOKYSEC,DC=LOCAL", "domainsid": "S-1-5-21-3591857110-2884097990-301047963", "highvalue": false, "description": "", "whencreated": 1586025570}, "IsDeleted": false, "IsACLProtected": false, "Aces": [{"RightName": "Owns", "IsInherited": false, "PrincipalSID": "S-1-5-21-3591857110-2884097990-301047963-512", "PrincipalType": "Group"}, {"RightName": "WriteOwner", "IsInherited": false, "PrincipalSID": "S-1-5-21-3591857110-2884097990-301047963-512", "PrincipalType": "Group"}, {"RightName": "WriteDacl", "IsInherited": false, "PrincipalSID": "S-1-5-21-3591857110-2884097990-301047963-512", "PrincipalType": "Group"}, {"RightName": "GenericAll", "IsInherited": true, "PrincipalSID": "S-1-5-21-3591857110-2884097990-301047963-519", "PrincipalType": "Group"}, {"RightName": "GenericAll", "IsInherited": true, "PrincipalSID": "S-1-5-21-3591857110-2884097990-301047963-512", "PrincipalType": "Group"}], "ChildObjects": []},{"ObjectIdentifier": "9DC85B1C-EB0E-46C2-A2D4-72632C40F556", "Properties": {"domain": "SPOOKYSEC.LOCAL", "name": "WMIPOLICY@SPOOKYSEC.LOCAL", "distinguishedname": "CN=WMIPOLICY,CN=SYSTEM,DC=SPOOKYSEC,DC=LOCAL", "domainsid": "S-1-5-21-3591857110-2884097990-301047963", "highvalue": false, "description": "", "whencreated": 1586025570}, "IsDeleted": false, "IsACLProtected": true, "Aces": [{"RightName": "Owns", "IsInherited": false, "PrincipalSID": "S-1-5-21-3591857110-2884097990-301047963-512", "PrincipalType": "Group"}, {"RightName": "GenericAll", "IsInherited": false, "PrincipalSID": "S-1-5-21-3591857110-2884097990-301047963-519", "PrincipalType": "Group"}, {"RightName": "GenericAll", "IsInherited": false, "PrincipalSID": "S-1-5-21-3591857110-2884097990-301047963-512", "PrincipalType": "Group"}], "ChildObjects": []},{"ObjectIdentifier": "3BBDFA0C-73BA-4DD0-8E50-23F7CAB445FA", "Properties": {"domain": "SPOOKYSEC.LOCAL", "name": "COMPARTITIONSETS@SPOOKYSEC.LOCAL", "distinguishedname": "CN=COMPARTITIONSETS,CN=SYSTEM,DC=SPOOKYSEC,DC=LOCAL", "domainsid": "S-1-5-21-3591857110-2884097990-301047963", "highvalue": false, "description": "", "whencreated": 1586025570}, "IsDeleted": false, "IsACLProtected": false, "Aces": [{"RightName": "Owns", "IsInherited": false, "PrincipalSID": "S-1-5-21-3591857110-2884097990-301047963-512", "PrincipalType": "Group"}, {"RightName": "WriteOwner", "IsInherited": false, "PrincipalSID": "S-1-5-21-3591857110-2884097990-301047963-512", "PrincipalType": "Group"}, {"RightName": "WriteDacl", "IsInherited": false, "PrincipalSID": "S-1-5-21-3591857110-2884097990-301047963-512", "PrincipalType": "Group"}, {"RightName": "GenericAll", "IsInherited": true, "PrincipalSID": "S-1-5-21-3591857110-2884097990-301047963-1118", "PrincipalType": "User"}, {"RightName": "GenericAll", "IsInherited": true, "PrincipalSID": "S-1-5-21-3591857110-2884097990-301047963-519", "PrincipalType": "Group"}, {"RightName": "WriteOwner", "IsInherited": true, "PrincipalSID": "SPOOKYSEC.LOCAL-S-1-5-32-544", "PrincipalType": "Group"}, {"RightName": "WriteDacl", "IsInherited": true, "PrincipalSID": "SPOOKYSEC.LOCAL-S-1-5-32-544", "PrincipalType": "Group"}], "ChildObjects": []},{"ObjectIdentifier": "E2C9FAB8-B33A-4B57-BAFD-8ED861B7A3C9", "Properties": {"domain": "SPOOKYSEC.LOCAL", "name": "COMPARTITIONS@SPOOKYSEC.LOCAL", "distinguishedname": "CN=COMPARTITIONS,CN=SYSTEM,DC=SPOOKYSEC,DC=LOCAL", "domainsid": "S-1-5-21-3591857110-2884097990-301047963", "highvalue": false, "description": "", "whencreated": 1586025570}, "IsDeleted": false, "IsACLProtected": false, "Aces": [{"RightName": "Owns", "IsInherited": false, "PrincipalSID": "S-1-5-21-3591857110-2884097990-301047963-512", "PrincipalType": "Group"}, {"RightName": "WriteOwner", "IsInherited": false, "PrincipalSID": "S-1-5-21-3591857110-2884097990-301047963-512", "PrincipalType": "Group"}, {"RightName": "WriteDacl", "IsInherited": false, "PrincipalSID": "S-1-5-21-3591857110-2884097990-301047963-512", "PrincipalType": "Group"}, {"RightName": "GenericAll", "IsInherited": true, "PrincipalSID": "S-1-5-21-3591857110-2884097990-301047963-1118", "PrincipalType": "User"}, {"RightName": "GenericAll", "IsInherited": true, "PrincipalSID": "S-1-5-21-3591857110-2884097990-301047963-519", "PrincipalType": "Group"}, {"RightName": "WriteOwner", "IsInherited": true, "PrincipalSID": "SPOOKYSEC.LOCAL-S-1-5-32-544", "PrincipalType": "Group"}, {"RightName": "WriteDacl", "IsInherited": true, "PrincipalSID": "SPOOKYSEC.LOCAL-S-1-5-32-544", "PrincipalType": "Group"}], "ChildObjects": []},{"ObjectIdentifier": "82970337-1BF5-421A-A44F-1D2D9BDD2327", "Properties": {"domain": "SPOOKYSEC.LOCAL", "name": "ADMINSDHOLDER@SPOOKYSEC.LOCAL", "distinguishedname": "CN=ADMINSDHOLDER,CN=SYSTEM,DC=SPOOKYSEC,DC=LOCAL", "domainsid": "S-1-5-21-3591857110-2884097990-301047963", "highvalue": false, "description": "", "whencreated": 1586025570}, "IsDeleted": false, "IsACLProtected": true, "Aces": [{"RightName": "Owns", "IsInherited": false, "PrincipalSID": "S-1-5-21-3591857110-2884097990-301047963-512", "PrincipalType": "Group"}, {"RightName": "WriteOwner", "IsInherited": false, "PrincipalSID": "S-1-5-21-3591857110-2884097990-301047963-512", "PrincipalType": "Group"}, {"RightName": "WriteDacl", "IsInherited": false, "PrincipalSID": "S-1-5-21-3591857110-2884097990-301047963-512", "PrincipalType": "Group"}, {"RightName": "WriteOwner", "IsInherited": false, "PrincipalSID": "S-1-5-21-3591857110-2884097990-301047963-519", "PrincipalType": "Group"}, {"RightName": "WriteDacl", "IsInherited": false, "PrincipalSID": "S-1-5-21-3591857110-2884097990-301047963-519", "PrincipalType": "Group"}, {"RightName": "WriteOwner", "IsInherited": false, "PrincipalSID": "SPOOKYSEC.LOCAL-S-1-5-32-544", "PrincipalType": "Group"}, {"RightName": "WriteDacl", "IsInherited": false, "PrincipalSID": "SPOOKYSEC.LOCAL-S-1-5-32-544", "PrincipalType": "Group"}], "ChildObjects": []},{"ObjectIdentifier": "BD7DBEC2-8C1A-45F4-8631-2AB77F5AA446", "Properties": {"domain": "SPOOKYSEC.LOCAL", "name": "IP SECURITY@SPOOKYSEC.LOCAL", "distinguishedname": "CN=IP SECURITY,CN=SYSTEM,DC=SPOOKYSEC,DC=LOCAL", "domainsid": "S-1-5-21-3591857110-2884097990-301047963", "highvalue": false, "description": "", "whencreated": 1586025570}, "IsDeleted": false, "IsACLProtected": false, "Aces": [{"RightName": "Owns", "IsInherited": false, "PrincipalSID": "S-1-5-21-3591857110-2884097990-301047963-512", "PrincipalType": "Group"}, {"RightName": "WriteOwner", "IsInherited": false, "PrincipalSID": "S-1-5-21-3591857110-2884097990-301047963-512", "PrincipalType": "Group"}, {"RightName": "WriteDacl", "IsInherited": false, "PrincipalSID": "S-1-5-21-3591857110-2884097990-301047963-512", "PrincipalType": "Group"}, {"RightName": "GenericAll", "IsInherited": true, "PrincipalSID": "S-1-5-21-3591857110-2884097990-301047963-1118", "PrincipalType": "User"}, {"RightName": "GenericAll", "IsInherited": true, "PrincipalSID": "S-1-5-21-3591857110-2884097990-301047963-519", "PrincipalType": "Group"}, {"RightName": "WriteOwner", "IsInherited": true, "PrincipalSID": "SPOOKYSEC.LOCAL-S-1-5-32-544", "PrincipalType": "Group"}, {"RightName": "WriteDacl", "IsInherited": true, "PrincipalSID": "SPOOKYSEC.LOCAL-S-1-5-32-544", "PrincipalType": "Group"}], "ChildObjects": []},{"ObjectIdentifier": "9022AF77-7021-4A86-99FE-CCCA95F499E5", "Properties": {"domain": "SPOOKYSEC.LOCAL", "name": "RAS AND IAS SERVERS ACCESS CHECK@SPOOKYSEC.LOCAL", "distinguishedname": "CN=RAS AND IAS SERVERS ACCESS CHECK,CN=SYSTEM,DC=SPOOKYSEC,DC=LOCAL", "domainsid": "S-1-5-21-3591857110-2884097990-301047963", "highvalue": false, "description": "", "whencreated": 1586025570}, "IsDeleted": false, "IsACLProtected": false, "Aces": [{"RightName": "Owns", "IsInherited": false, "PrincipalSID": "S-1-5-21-3591857110-2884097990-301047963-512", "PrincipalType": "Group"}, {"RightName": "WriteOwner", "IsInherited": false, "PrincipalSID": "S-1-5-21-3591857110-2884097990-301047963-553", "PrincipalType": "Group"}, {"RightName": "WriteDacl", "IsInherited": false, "PrincipalSID": "S-1-5-21-3591857110-2884097990-301047963-553", "PrincipalType": "Group"}, {"RightName": "GenericAll", "IsInherited": true, "PrincipalSID": "S-1-5-21-3591857110-2884097990-301047963-1118", "PrincipalType": "User"}, {"RightName": "GenericAll", "IsInherited": true, "PrincipalSID": "S-1-5-21-3591857110-2884097990-301047963-519", "PrincipalType": "Group"}, {"RightName": "WriteOwner", "IsInherited": true, "PrincipalSID": "SPOOKYSEC.LOCAL-S-1-5-32-544", "PrincipalType": "Group"}, {"RightName": "WriteDacl", "IsInherited": true, "PrincipalSID": "SPOOKYSEC.LOCAL-S-1-5-32-544", "PrincipalType": "Group"}], "ChildObjects": []},{"ObjectIdentifier": "2DF285A6-0D20-4ABC-8524-E3F12050A864", "Properties": {"domain": "SPOOKYSEC.LOCAL", "name": "POLICIES@SPOOKYSEC.LOCAL", "distinguishedname": "CN=POLICIES,CN=SYSTEM,DC=SPOOKYSEC,DC=LOCAL", "domainsid": "S-1-5-21-3591857110-2884097990-301047963", "highvalue": false, "description": "", "whencreated": 1586025570}, "IsDeleted": false, "IsACLProtected": false, "Aces": [{"RightName": "Owns", "IsInherited": false, "PrincipalSID": "S-1-5-21-3591857110-2884097990-301047963-512", "PrincipalType": "Group"}, {"RightName": "WriteOwner", "IsInherited": false, "PrincipalSID": "S-1-5-21-3591857110-2884097990-301047963-512", "PrincipalType": "Group"}, {"RightName": "WriteDacl", "IsInherited": false, "PrincipalSID": "S-1-5-21-3591857110-2884097990-301047963-512", "PrincipalType": "Group"}, {"RightName": "GenericAll", "IsInherited": true, "PrincipalSID": "S-1-5-21-3591857110-2884097990-301047963-1118", "PrincipalType": "User"}, {"RightName": "GenericAll", "IsInherited": true, "PrincipalSID": "S-1-5-21-3591857110-2884097990-301047963-519", "PrincipalType": "Group"}, {"RightName": "WriteOwner", "IsInherited": true, "PrincipalSID": "SPOOKYSEC.LOCAL-S-1-5-32-544", "PrincipalType": "Group"}, {"RightName": "WriteDacl", "IsInherited": true, "PrincipalSID": "SPOOKYSEC.LOCAL-S-1-5-32-544", "PrincipalType": "Group"}], "ChildObjects": []},{"ObjectIdentifier": "A9295381-EF58-4C82-9361-BCD7300884D8", "Properties": {"domain": "SPOOKYSEC.LOCAL", "name": "MEETINGS@SPOOKYSEC.LOCAL", "distinguishedname": "CN=MEETINGS,CN=SYSTEM,DC=SPOOKYSEC,DC=LOCAL", "domainsid": "S-1-5-21-3591857110-2884097990-301047963", "highvalue": false, "description": "", "whencreated": 1586025570}, "IsDeleted": false, "IsACLProtected": false, "Aces": [{"RightName": "Owns", "IsInherited": false, "PrincipalSID": "S-1-5-21-3591857110-2884097990-301047963-512", "PrincipalType": "Group"}, {"RightName": "WriteOwner", "IsInherited": false, "PrincipalSID": "S-1-5-21-3591857110-2884097990-301047963-512", "PrincipalType": "Group"}, {"RightName": "WriteDacl", "IsInherited": false, "PrincipalSID": "S-1-5-21-3591857110-2884097990-301047963-512", "PrincipalType": "Group"}, {"RightName": "GenericAll", "IsInherited": true, "PrincipalSID": "S-1-5-21-3591857110-2884097990-301047963-1118", "PrincipalType": "User"}, {"RightName": "GenericAll", "IsInherited": true, "PrincipalSID": "S-1-5-21-3591857110-2884097990-301047963-519", "PrincipalType": "Group"}, {"RightName": "WriteOwner", "IsInherited": true, "PrincipalSID": "SPOOKYSEC.LOCAL-S-1-5-32-544", "PrincipalType": "Group"}, {"RightName": "WriteDacl", "IsInherited": true, "PrincipalSID": "SPOOKYSEC.LOCAL-S-1-5-32-544", "PrincipalType": "Group"}], "ChildObjects": []},{"ObjectIdentifier": "9009E984-C5C2-467B-B704-699B664169F4", "Properties": {"domain": "SPOOKYSEC.LOCAL", "name": "WINSOCKSERVICES@SPOOKYSEC.LOCAL", "distinguishedname": "CN=WINSOCKSERVICES,CN=SYSTEM,DC=SPOOKYSEC,DC=LOCAL", "domainsid": "S-1-5-21-3591857110-2884097990-301047963", "highvalue": false, "description": "", "whencreated": 1586025570}, "IsDeleted": false, "IsACLProtected": false, "Aces": [{"RightName": "Owns", "IsInherited": false, "PrincipalSID": "S-1-5-21-3591857110-2884097990-301047963-512", "PrincipalType": "Group"}, {"RightName": "WriteOwner", "IsInherited": false, "PrincipalSID": "S-1-5-21-3591857110-2884097990-301047963-512", "PrincipalType": "Group"}, {"RightName": "WriteDacl", "IsInherited": false, "PrincipalSID": "S-1-5-21-3591857110-2884097990-301047963-512", "PrincipalType": "Group"}, {"RightName": "GenericAll", "IsInherited": true, "PrincipalSID": "S-1-5-21-3591857110-2884097990-301047963-1118", "PrincipalType": "User"}, {"RightName": "GenericAll", "IsInherited": true, "PrincipalSID": "S-1-5-21-3591857110-2884097990-301047963-519", "PrincipalType": "Group"}, {"RightName": "WriteOwner", "IsInherited": true, "PrincipalSID": "SPOOKYSEC.LOCAL-S-1-5-32-544", "PrincipalType": "Group"}, {"RightName": "WriteDacl", "IsInherited": true, "PrincipalSID": "SPOOKYSEC.LOCAL-S-1-5-32-544", "PrincipalType": "Group"}], "ChildObjects": []},{"ObjectIdentifier": "B052C988-5D36-405B-A940-E51CD01F3647", "Properties": {"domain": "SPOOKYSEC.LOCAL", "name": "MANAGED SERVICE ACCOUNTS@SPOOKYSEC.LOCAL", "distinguishedname": "CN=MANAGED SERVICE ACCOUNTS,DC=SPOOKYSEC,DC=LOCAL", "domainsid": "S-1-5-21-3591857110-2884097990-301047963", "highvalue": false, "description": "Default container for managed service accounts", "whencreated": 1586025570}, "IsDeleted": false, "IsACLProtected": false, "Aces": [{"RightName": "Owns", "IsInherited": false, "PrincipalSID": "S-1-5-21-3591857110-2884097990-301047963-512", "PrincipalType": "Group"}, {"RightName": "WriteOwner", "IsInherited": false, "PrincipalSID": "S-1-5-21-3591857110-2884097990-301047963-512", "PrincipalType": "Group"}, {"RightName": "WriteDacl", "IsInherited": false, "PrincipalSID": "S-1-5-21-3591857110-2884097990-301047963-512", "PrincipalType": "Group"}, {"RightName": "GenericAll", "IsInherited": true, "PrincipalSID": "S-1-5-21-3591857110-2884097990-301047963-1118", "PrincipalType": "User"}, {"RightName": "GenericAll", "IsInherited": true, "PrincipalSID": "S-1-5-21-3591857110-2884097990-301047963-519", "PrincipalType": "Group"}, {"RightName": "WriteOwner", "IsInherited": true, "PrincipalSID": "SPOOKYSEC.LOCAL-S-1-5-32-544", "PrincipalType": "Group"}, {"RightName": "WriteDacl", "IsInherited": true, "PrincipalSID": "SPOOKYSEC.LOCAL-S-1-5-32-544", "PrincipalType": "Group"}], "ChildObjects": []},{"ObjectIdentifier": "048830E3-E8BB-4762-8BC8-CB7786E7207F", "Properties": {"domain": "SPOOKYSEC.LOCAL", "name": "MICROSOFT@SPOOKYSEC.LOCAL", "distinguishedname": "CN=MICROSOFT,CN=PROGRAM DATA,DC=SPOOKYSEC,DC=LOCAL", "domainsid": "S-1-5-21-3591857110-2884097990-301047963", "highvalue": false, "description": "Default location for storage of Microsoft application data.", "whencreated": 1586025570}, "IsDeleted": false, "IsACLProtected": false, "Aces": [{"RightName": "Owns", "IsInherited": false, "PrincipalSID": "S-1-5-21-3591857110-2884097990-301047963-512", "PrincipalType": "Group"}, {"RightName": "GenericAll", "IsInherited": false, "PrincipalSID": "S-1-5-21-3591857110-2884097990-301047963-512", "PrincipalType": "Group"}, {"RightName": "GenericAll", "IsInherited": true, "PrincipalSID": "S-1-5-21-3591857110-2884097990-301047963-1118", "PrincipalType": "User"}, {"RightName": "GenericAll", "IsInherited": true, "PrincipalSID": "S-1-5-21-3591857110-2884097990-301047963-519", "PrincipalType": "Group"}, {"RightName": "WriteOwner", "IsInherited": true, "PrincipalSID": "SPOOKYSEC.LOCAL-S-1-5-32-544", "PrincipalType": "Group"}, {"RightName": "WriteDacl", "IsInherited": true, "PrincipalSID": "SPOOKYSEC.LOCAL-S-1-5-32-544", "PrincipalType": "Group"}], "ChildObjects": []},{"ObjectIdentifier": "E77BCD83-0747-4F51-AB81-ADCDB245184A", "Properties": {"domain": "SPOOKYSEC.LOCAL", "name": "PROGRAM DATA@SPOOKYSEC.LOCAL", "distinguishedname": "CN=PROGRAM DATA,DC=SPOOKYSEC,DC=LOCAL", "domainsid": "S-1-5-21-3591857110-2884097990-301047963", "highvalue": false, "description": "Default location for storage of application data.", "whencreated": 1586025570}, "IsDeleted": false, "IsACLProtected": false, "Aces": [{"RightName": "Owns", "IsInherited": false, "PrincipalSID": "S-1-5-21-3591857110-2884097990-301047963-512", "PrincipalType": "Group"}, {"RightName": "GenericAll", "IsInherited": false, "PrincipalSID": "S-1-5-21-3591857110-2884097990-301047963-512", "PrincipalType": "Group"}, {"RightName": "GenericAll", "IsInherited": true, "PrincipalSID": "S-1-5-21-3591857110-2884097990-301047963-1118", "PrincipalType": "User"}, {"RightName": "GenericAll", "IsInherited": true, "PrincipalSID": "S-1-5-21-3591857110-2884097990-301047963-519", "PrincipalType": "Group"}, {"RightName": "WriteOwner", "IsInherited": true, "PrincipalSID": "SPOOKYSEC.LOCAL-S-1-5-32-544", "PrincipalType": "Group"}, {"RightName": "WriteDacl", "IsInherited": true, "PrincipalSID": "SPOOKYSEC.LOCAL-S-1-5-32-544", "PrincipalType": "Group"}], "ChildObjects": []},{"ObjectIdentifier": "4BAFFE1C-E13A-490B-A8AC-0BA5AF1B2298", "Properties": {"domain": "SPOOKYSEC.LOCAL", "name": "FOREIGNSECURITYPRINCIPALS@SPOOKYSEC.LOCAL", "distinguishedname": "CN=FOREIGNSECURITYPRINCIPALS,DC=SPOOKYSEC,DC=LOCAL", "domainsid": "S-1-5-21-3591857110-2884097990-301047963", "highvalue": false, "description": "Default container for security identifiers (SIDs) associated with objects from external, trusted domains", "whencreated": 1586025570}, "IsDeleted": false, "IsACLProtected": false, "Aces": [{"RightName": "Owns", "IsInherited": false, "PrincipalSID": "S-1-5-21-3591857110-2884097990-301047963-512", "PrincipalType": "Group"}, {"RightName": "GenericAll", "IsInherited": false, "PrincipalSID": "S-1-5-21-3591857110-2884097990-301047963-512", "PrincipalType": "Group"}, {"RightName": "GenericAll", "IsInherited": true, "PrincipalSID": "S-1-5-21-3591857110-2884097990-301047963-1118", "PrincipalType": "User"}, {"RightName": "GenericAll", "IsInherited": true, "PrincipalSID": "S-1-5-21-3591857110-2884097990-301047963-519", "PrincipalType": "Group"}, {"RightName": "WriteOwner", "IsInherited": true, "PrincipalSID": "SPOOKYSEC.LOCAL-S-1-5-32-544", "PrincipalType": "Group"}, {"RightName": "WriteDacl", "IsInherited": true, "PrincipalSID": "SPOOKYSEC.LOCAL-S-1-5-32-544", "PrincipalType": "Group"}], "ChildObjects": []},{"ObjectIdentifier": "559A8824-8FA1-4350-B33C-BBD2A2BE98D4", "Properties": {"domain": "SPOOKYSEC.LOCAL", "name": "SYSTEM@SPOOKYSEC.LOCAL", "distinguishedname": "CN=SYSTEM,DC=SPOOKYSEC,DC=LOCAL", "domainsid": "S-1-5-21-3591857110-2884097990-301047963", "highvalue": false, "description": "Builtin system settings", "whencreated": 1586025570}, "IsDeleted": false, "IsACLProtected": false, "Aces": [{"RightName": "Owns", "IsInherited": false, "PrincipalSID": "S-1-5-21-3591857110-2884097990-301047963-512", "PrincipalType": "Group"}, {"RightName": "WriteOwner", "IsInherited": false, "PrincipalSID": "S-1-5-21-3591857110-2884097990-301047963-512", "PrincipalType": "Group"}, {"RightName": "WriteDacl", "IsInherited": false, "PrincipalSID": "S-1-5-21-3591857110-2884097990-301047963-512", "PrincipalType": "Group"}, {"RightName": "GenericAll", "IsInherited": true, "PrincipalSID": "S-1-5-21-3591857110-2884097990-301047963-1118", "PrincipalType": "User"}, {"RightName": "GenericAll", "IsInherited": true, "PrincipalSID": "S-1-5-21-3591857110-2884097990-301047963-519", "PrincipalType": "Group"}, {"RightName": "WriteOwner", "IsInherited": true, "PrincipalSID": "SPOOKYSEC.LOCAL-S-1-5-32-544", "PrincipalType": "Group"}, {"RightName": "WriteDacl", "IsInherited": true, "PrincipalSID": "SPOOKYSEC.LOCAL-S-1-5-32-544", "PrincipalType": "Group"}], "ChildObjects": []},{"ObjectIdentifier": "C48F8D5B-58CF-46EB-8D1A-CD4CCC458FE7", "Properties": {"domain": "SPOOKYSEC.LOCAL", "name": "COMPUTERS@SPOOKYSEC.LOCAL", "distinguishedname": "CN=COMPUTERS,DC=SPOOKYSEC,DC=LOCAL", "domainsid": "S-1-5-21-3591857110-2884097990-301047963", "highvalue": false, "description": "Default container for upgraded computer accounts", "whencreated": 1586025570}, "IsDeleted": false, "IsACLProtected": false, "Aces": [{"RightName": "Owns", "IsInherited": false, "PrincipalSID": "S-1-5-21-3591857110-2884097990-301047963-512", "PrincipalType": "Group"}, {"RightName": "WriteOwner", "IsInherited": false, "PrincipalSID": "S-1-5-21-3591857110-2884097990-301047963-512", "PrincipalType": "Group"}, {"RightName": "WriteDacl", "IsInherited": false, "PrincipalSID": "S-1-5-21-3591857110-2884097990-301047963-512", "PrincipalType": "Group"}, {"RightName": "GenericAll", "IsInherited": true, "PrincipalSID": "S-1-5-21-3591857110-2884097990-301047963-1118", "PrincipalType": "User"}, {"RightName": "GenericAll", "IsInherited": true, "PrincipalSID": "S-1-5-21-3591857110-2884097990-301047963-519", "PrincipalType": "Group"}, {"RightName": "WriteOwner", "IsInherited": true, "PrincipalSID": "SPOOKYSEC.LOCAL-S-1-5-32-544", "PrincipalType": "Group"}, {"RightName": "WriteDacl", "IsInherited": true, "PrincipalSID": "SPOOKYSEC.LOCAL-S-1-5-32-544", "PrincipalType": "Group"}], "ChildObjects": []},{"ObjectIdentifier": "767356E9-AB5F-46AD-B553-21120A890540", "Properties": {"domain": "SPOOKYSEC.LOCAL", "name": "USERS@SPOOKYSEC.LOCAL", "distinguishedname": "CN=USERS,DC=SPOOKYSEC,DC=LOCAL", "domainsid": "S-1-5-21-3591857110-2884097990-301047963", "highvalue": false, "description": "Default container for upgraded user accounts", "whencreated": 1586025570}, "IsDeleted": false, "IsACLProtected": false, "Aces": [{"RightName": "Owns", "IsInherited": false, "PrincipalSID": "S-1-5-21-3591857110-2884097990-301047963-512", "PrincipalType": "Group"}, {"RightName": "WriteOwner", "IsInherited": false, "PrincipalSID": "S-1-5-21-3591857110-2884097990-301047963-512", "PrincipalType": "Group"}, {"RightName": "WriteDacl", "IsInherited": false, "PrincipalSID": "S-1-5-21-3591857110-2884097990-301047963-512", "PrincipalType": "Group"}, {"RightName": "GenericAll", "IsInherited": true, "PrincipalSID": "S-1-5-21-3591857110-2884097990-301047963-1118", "PrincipalType": "User"}, {"RightName": "GenericAll", "IsInherited": true, "PrincipalSID": "S-1-5-21-3591857110-2884097990-301047963-519", "PrincipalType": "Group"}, {"RightName": "WriteOwner", "IsInherited": true, "PrincipalSID": "SPOOKYSEC.LOCAL-S-1-5-32-544", "PrincipalType": "Group"}, {"RightName": "WriteDacl", "IsInherited": true, "PrincipalSID": "SPOOKYSEC.LOCAL-S-1-5-32-544", "PrincipalType": "Group"}], "ChildObjects": [{"ObjectIdentifier": "S-1-5-21-3591857110-2884097990-301047963-518", "ObjectType": "Group"}, {"ObjectIdentifier": "S-1-5-21-3591857110-2884097990-301047963-521", "ObjectType": "Group"}, {"ObjectIdentifier": "S-1-5-21-3591857110-2884097990-301047963-553", "ObjectType": "Group"}, {"ObjectIdentifier": "S-1-5-21-3591857110-2884097990-301047963-525", "ObjectType": "Group"}, {"ObjectIdentifier": "S-1-5-21-3591857110-2884097990-301047963-502", "ObjectType": "User"}, {"ObjectIdentifier": "S-1-5-21-3591857110-2884097990-301047963-526", "ObjectType": "Group"}, {"ObjectIdentifier": "S-1-5-21-3591857110-2884097990-301047963-501", "ObjectType": "User"}, {"ObjectIdentifier": "S-1-5-21-3591857110-2884097990-301047963-520", "ObjectType": "Group"}, {"ObjectIdentifier": "S-1-5-21-3591857110-2884097990-301047963-498", "ObjectType": "Group"}, {"ObjectIdentifier": "S-1-5-21-3591857110-2884097990-301047963-527", "ObjectType": "Group"}, {"ObjectIdentifier": "S-1-5-21-3591857110-2884097990-301047963-519", "ObjectType": "Group"}, {"ObjectIdentifier": "S-1-5-21-3591857110-2884097990-301047963-513", "ObjectType": "Group"}, {"ObjectIdentifier": "S-1-5-21-3591857110-2884097990-301047963-514", "ObjectType": "Group"}, {"ObjectIdentifier": "S-1-5-21-3591857110-2884097990-301047963-516", "ObjectType": "Group"}, {"ObjectIdentifier": "S-1-5-21-3591857110-2884097990-301047963-515", "ObjectType": "Group"}, {"ObjectIdentifier": "S-1-5-21-3591857110-2884097990-301047963-512", "ObjectType": "Group"}, {"ObjectIdentifier": "S-1-5-21-3591857110-2884097990-301047963-1102", "ObjectType": "Group"}, {"ObjectIdentifier": "S-1-5-21-3591857110-2884097990-301047963-1101", "ObjectType": "Group"}, {"ObjectIdentifier": "S-1-5-21-3591857110-2884097990-301047963-572", "ObjectType": "Group"}, {"ObjectIdentifier": "S-1-5-21-3591857110-2884097990-301047963-522", "ObjectType": "Group"}, {"ObjectIdentifier": "S-1-5-21-3591857110-2884097990-301047963-517", "ObjectType": "Group"}, {"ObjectIdentifier": "S-1-5-21-3591857110-2884097990-301047963-571", "ObjectType": "Group"}, {"ObjectIdentifier": "S-1-5-21-3591857110-2884097990-301047963-500", "ObjectType": "User"}]}],"meta":{"methods":0,"type":"containers","count":21, "version":5}}